text,team
Unable to login to internet banking account,Digital Banking
OTP not received during mobile banking login,Digital Banking
Internet banking page keeps loading after entering password,Digital Banking
Mobile banking app crashes while checking balance,Digital Banking
Login attempt shows server error in banking app,Digital Banking
Internet banking dashboard not loading properly,Digital Banking
Unable to reset internet banking password,Digital Banking
App logout happens automatically after login,Digital Banking
Mobile banking fingerprint login not working,Digital Banking
Two factor authentication failing during login,Digital Banking
Internet banking session expires immediately,Digital Banking
Bank app stuck on loading screen,Digital Banking
Cannot activate mobile banking on new phone,Digital Banking
Internet banking showing technical error,Digital Banking
OTP verification failing in banking app,Digital Banking
App not showing transaction history,Digital Banking
Mobile banking not syncing latest transactions,Digital Banking
Internet banking profile page not loading,Digital Banking
Cannot register for internet banking service,Digital Banking
Error while enabling biometric login,Digital Banking
Unable to access bank app using registered device,Digital Banking
Mobile banking notifications not working,Digital Banking
Internet banking password reset link expired immediately,Digital Banking
Login page not accepting correct credentials,Digital Banking
Unable to verify OTP while logging in,Digital Banking
Bank app showing blank screen after login,Digital Banking
Digital banking portal unavailable today,Digital Banking
Mobile banking update causing login failure,Digital Banking
Cannot activate internet banking using debit card,Digital Banking
Internet banking showing authentication failed,Digital Banking
App crashes when trying to login,Digital Banking
Login verification taking too long,Digital Banking
Mobile banking login not responding,Digital Banking
Unable to complete login using OTP authentication,Digital Banking
App shows login failed repeatedly,Digital Banking
Digital banking website down for maintenance error,Digital Banking
Cannot login after changing password,Digital Banking
Mobile banking login blocked temporarily,Digital Banking
OTP delay causing login failure,Digital Banking
Unable to access banking app outside home network,Digital Banking
Internet banking security verification stuck,Digital Banking
Login issue after mobile banking update,Digital Banking
Digital banking password change not working,Digital Banking
Account locked after multiple login attempts,Digital Banking
App login showing invalid session error,Digital Banking
Unable to complete captcha verification during login,Digital Banking
Internet banking login page extremely slow,Digital Banking
App not opening after login attempt,Digital Banking
Mobile banking login failing with unknown error,Digital Banking
Digital banking account temporarily unavailable,Digital Banking

UPI payment failed but money deducted from account,Cards & Payments
Debit card declined during payment at store,Cards & Payments
Credit card transaction not reflected in statement,Cards & Payments
UPI transfer stuck in processing,Cards & Payments
Payment gateway showing transaction failed,Cards & Payments
Debit card payment unsuccessful on online shopping site,Cards & Payments
Credit card payment deducted twice,Cards & Payments
UPI payment successful but receiver did not get money,Cards & Payments
POS machine declined debit card payment,Cards & Payments
Online card payment failed due to bank error,Cards & Payments
Unable to link debit card for online payments,Cards & Payments
Card transaction declined internationally,Cards & Payments
UPI payment limit reached error,Cards & Payments
Credit card payment confirmation not received,Cards & Payments
Debit card blocked during payment attempt,Cards & Payments
UPI collect request not appearing in app,Cards & Payments
Payment reversal not processed yet,Cards & Payments
Card payment shows pending for long time,Cards & Payments
UPI transaction showing failed status,Cards & Payments
Card declined due to unknown reason,Cards & Payments
Contactless card payment not working,Cards & Payments
Payment deducted but merchant not credited,Cards & Payments
Card authentication failed during payment,Cards & Payments
UPI payment timeout error,Cards & Payments
Credit card EMI payment failed,Cards & Payments
Debit card not working at ATM withdrawal,Cards & Payments
UPI QR code payment unsuccessful,Cards & Payments
Card transaction declined due to network issue,Cards & Payments
Payment verification failed during checkout,Cards & Payments
UPI transaction not appearing in history,Cards & Payments
Card payment stuck on processing screen,Cards & Payments
Payment declined due to security verification,Cards & Payments
Debit card payment failed on international website,Cards & Payments
UPI transfer delayed,Cards & Payments
Credit card payment rejected,Cards & Payments
Payment confirmation message not received,Cards & Payments
Card transaction reversed unexpectedly,Cards & Payments
UPI payment showing unknown error,Cards & Payments
Debit card blocked after failed transaction,Cards & Payments
Payment gateway timeout during card payment,Cards & Payments
Card payment declined by bank,Cards & Payments
UPI payment processing error,Cards & Payments
Credit card billing transaction missing,Cards & Payments
Debit card chip not recognized,Cards & Payments
UPI autopay transaction failed,Cards & Payments
Payment stuck during OTP verification,Cards & Payments
Card authorization failed,Cards & Payments
UPI transfer failed repeatedly,Cards & Payments
Debit card declined at petrol pump,Cards & Payments
Payment declined due to insufficient authentication,Cards & Payments

Unable to view my loan repayment schedule,Loans & EMI
Loan EMI amount seems higher than expected,Loans & EMI
Loan repayment failed but amount deducted,Loans & EMI
Unable to download loan statement from portal,Loans & EMI
Need help calculating loan prepayment amount,Loans & EMI
Loan EMI auto debit not processed this month,Loans & EMI
Loan application status not updating,Loans & EMI
Unable to close my loan account early,Loans & EMI
Loan interest rate seems incorrect,Loans & EMI
Loan repayment history missing from dashboard,Loans & EMI
EMI deducted twice from my account,Loans & EMI
Loan repayment page not loading properly,Loans & EMI
Unable to update bank account for EMI debit,Loans & EMI
Loan foreclosure request not processed,Loans & EMI
Loan approval pending for too long,Loans & EMI
Cannot view outstanding loan balance,Loans & EMI
Loan EMI reminder notification not received,Loans & EMI
Loan repayment failed due to technical error,Loans & EMI
Need clarification about EMI deduction date,Loans & EMI
Loan payment not reflecting in statement,Loans & EMI
Loan account showing incorrect overdue amount,Loans & EMI
Unable to apply for personal loan online,Loans & EMI
Loan application rejected without reason,Loans & EMI
Loan disbursement delayed after approval,Loans & EMI
EMI auto debit failed this month,Loans & EMI
Unable to change EMI payment account,Loans & EMI
Loan account showing wrong EMI schedule,Loans & EMI
Loan interest calculation seems incorrect,Loans & EMI
Need assistance with loan restructuring,Loans & EMI
Loan repayment portal showing error,Loans & EMI
EMI deduction not showing in account history,Loans & EMI
Loan balance not updated after payment,Loans & EMI
Unable to generate loan repayment certificate,Loans & EMI
Loan prepayment option not available in portal,Loans & EMI
EMI payment confirmation not received,Loans & EMI
Loan tenure showing incorrect duration,Loans & EMI
Loan payment page showing server error,Loans & EMI
Loan repayment method not working,Loans & EMI
Loan EMI deduction skipped this month,Loans & EMI
Loan interest details not displayed correctly,Loans & EMI
Unable to track loan application progress,Loans & EMI
Loan payment gateway not responding,Loans & EMI
Loan repayment option disabled in portal,Loans & EMI
Loan account details missing in dashboard,Loans & EMI
Loan EMI calculation incorrect in statement,Loans & EMI
Loan repayment not updating after payment,Loans & EMI
Unable to modify EMI payment date,Loans & EMI
Loan account summary not loading,Loans & EMI
Loan portal showing incorrect repayment amount,Loans & EMI
Loan closure request pending for long time,Loans & EMI

KYC verification still pending after document upload,Accounts & KYC
Unable to update PAN details in account profile,Accounts & KYC
Aadhaar verification failed during KYC update,Accounts & KYC
KYC documents uploaded but status not updated,Accounts & KYC
Unable to complete video KYC process,Accounts & KYC
PAN update request rejected without explanation,Accounts & KYC
Need help updating Aadhaar details,Accounts & KYC
KYC update page showing technical error,Accounts & KYC
Unable to upload KYC documents online,Accounts & KYC
Account blocked due to incomplete KYC,Accounts & KYC
KYC verification taking too long to complete,Accounts & KYC
Unable to update address in bank account,Accounts & KYC
PAN verification failing repeatedly,Accounts & KYC
Aadhaar number not accepted during KYC update,Accounts & KYC
KYC status showing pending even after submission,Accounts & KYC
Unable to verify identity during KYC process,Accounts & KYC
KYC form submission failing online,Accounts & KYC
Need assistance completing full KYC verification,Accounts & KYC
PAN linked account details not updated,Accounts & KYC
Unable to update personal information in profile,Accounts & KYC
KYC update confirmation not received,Accounts & KYC
Unable to upload address proof document,Accounts & KYC
KYC verification portal not loading,Accounts & KYC
Aadhaar linking request not processed,Accounts & KYC
Unable to update email in account profile,Accounts & KYC
Account profile showing outdated KYC details,Accounts & KYC
Unable to update phone number in account profile,Accounts & KYC
KYC re-verification requested by bank,Accounts & KYC
PAN linking process failing online,Accounts & KYC
Address update request rejected unexpectedly,Accounts & KYC
KYC page showing document upload error,Accounts & KYC
Unable to complete Aadhaar OTP verification,Accounts & KYC
KYC verification failing during identity check,Accounts & KYC
Unable to change registered address online,Accounts & KYC
Account verification showing incomplete details,Accounts & KYC
KYC process restarting repeatedly,Accounts & KYC
Unable to verify documents during KYC,Accounts & KYC
KYC verification stuck at final step,Accounts & KYC
Unable to update account holder information,Accounts & KYC
Aadhaar linking request pending for long time,Accounts & KYC
KYC portal showing server error,Accounts & KYC
Account profile changes not saving,Accounts & KYC
Unable to complete document verification online,Accounts & KYC
KYC update confirmation email not received,Accounts & KYC
Account verification showing incorrect status,Accounts & KYC
PAN verification delay in account update,Accounts & KYC
Unable to update nominee information,Accounts & KYC
KYC document format not accepted by portal,Accounts & KYC
Account information update request failed,Accounts & KYC
KYC update request stuck in pending state,Accounts & KYC

Unauthorized transaction detected on my debit card,Fraud & Security
I did not make this UPI payment please investigate,Fraud & Security
Suspicious login attempt detected on my account,Fraud & Security
Unknown device accessed my bank account,Fraud & Security
Multiple unauthorized transactions seen today,Fraud & Security
My debit card was used without my permission,Fraud & Security
Fraudulent transaction detected in my account,Fraud & Security
Account accessed from unknown location,Fraud & Security
UPI transfer made without my approval,Fraud & Security
Credit card charged without my authorization,Fraud & Security
Received OTP without initiating transaction,Fraud & Security
Account login alert from unknown device,Fraud & Security
Suspicious activity detected on my bank account,Fraud & Security
Card used in transaction I did not perform,Fraud & Security
Multiple failed login attempts detected,Fraud & Security
Fraud alert received for recent transaction,Fraud & Security
Unauthorized withdrawal from my account,Fraud & Security
Card details possibly compromised,Fraud & Security
Unexpected transaction on credit card,Fraud & Security
Account security alert triggered today,Fraud & Security
Fraudulent login attempt blocked by bank,Fraud & Security
Money transferred without authorization,Fraud & Security
Debit card used at unknown merchant,Fraud & Security
Suspicious UPI request received,Fraud & Security
Possible phishing attempt related to bank account,Fraud & Security
Account accessed from foreign IP address,Fraud & Security
Unauthorized ATM withdrawal detected,Fraud & Security
Security alert for suspicious transaction,Fraud & Security
Card transaction made in another city,Fraud & Security
UPI transaction initiated without consent,Fraud & Security
Received fraud warning notification,Fraud & Security
Bank account showing unusual activity,Fraud & Security
Unauthorized login detected,Fraud & Security
Account password changed without my action,Fraud & Security
Unknown beneficiary added to account,Fraud & Security
Card blocked due to suspected fraud,Fraud & Security
Transaction attempted without OTP approval,Fraud & Security
Account locked due to suspicious activity,Fraud & Security
Fraudulent merchant charge detected,Fraud & Security
Suspicious transfer request received,Fraud & Security
Debit card fraud reported today,Fraud & Security
Possible account takeover attempt,Fraud & Security
Unrecognized card transaction,Fraud & Security
Security breach suspected in account,Fraud & Security
Phishing message received pretending to be bank,Fraud & Security
UPI payment initiated from unknown device,Fraud & Security
Unauthorized beneficiary added to account,Fraud & Security
Account accessed without permission,Fraud & Security
Fraudulent transaction notification received,Fraud & Security
Unexpected login alert on mobile banking,Fraud & Security

Need help updating my registered mobile number,General Support
How can I download my bank statement,General Support
Want to update my email address in bank account,General Support
Unable to find account details in portal,General Support
Need help understanding bank charges,General Support
Requesting assistance with account services,General Support
How to change account password,General Support
Unable to locate transaction history,General Support
Need help updating contact information,General Support
Requesting account balance information,General Support
Unable to locate profile settings,General Support
Need help navigating banking portal,General Support
Requesting guidance on bank services,General Support
How to enable account alerts,General Support
Unable to find help section in banking app,General Support
Need assistance with account management,General Support
How to change account notification settings,General Support
Unable to update personal preferences,General Support
Need help accessing support center,General Support
Unable to find bank contact details,General Support
Requesting help with bank app features,General Support
Need guidance on account features,General Support
Unable to locate customer support option,General Support
Need help understanding account dashboard,General Support
Requesting assistance with banking portal,General Support
Unable to view account summary,General Support
Need help accessing account menu,General Support
Unable to update notification settings,General Support
Need assistance with account profile settings,General Support
Unable to locate help documentation,General Support
Requesting help with banking interface,General Support
Need assistance with account services menu,General Support
Unable to access account support options,General Support
Requesting help navigating mobile banking app,General Support
Unable to locate account management page,General Support
Need assistance understanding bank features,General Support
Unable to find service request option,General Support
Need help accessing customer care section,General Support
Unable to navigate banking portal properly,General Support
Requesting help with account profile page,General Support
Unable to access bank support center,General Support
Need help managing bank notifications,General Support
Unable to locate banking settings page,General Support
Requesting assistance with account options,General Support
Need help understanding banking dashboard,General Support
Unable to locate account tools section,General Support
Requesting support for banking portal issue,General Support
Need help accessing account preferences,General Support
Unable to find account help guide,General Support
Need assistance using banking application,General Support